day,total_upvotes
2022-03-15,10190
2022-03-16,6387
2022-03-17,5716
2022-03-18,4624
2022-03-19,3170
2022-03-20,4246
2022-03-21,5689
2022-03-22,5862
2022-03-23,4907
2022-03-24,4016
2022-03-25,6497
2022-03-26,2017
2022-03-27,1391
2022-03-28,1516
2022-03-29,1745
2022-03-30,2422
2022-03-31,2250
2022-04-01,2235
2022-04-02,2432
2022-04-03,3980
2022-04-04,3264
2022-04-05,3027
2022-04-06,3542
2022-04-07,4445
2022-04-08,5036
2022-04-09,2836
2022-04-10,4371
2022-04-11,4931
2022-04-12,13681
2022-04-13,6457
2022-04-14,5664
2022-04-15,5647
2022-04-16,4052
2022-04-17,4260
2022-04-18,5670
2022-04-19,4863
2022-04-20,6128
2022-04-21,4796
2022-04-22,5203
2022-04-23,3575
2022-04-24,4600
2022-04-25,12361
2022-04-26,7861
2022-04-27,9207
2022-04-28,6620
2022-04-29,8192
2022-04-30,7873
2022-05-01,9384
2022-05-02,8473
2022-05-03,7900
2022-05-04,9839
2022-05-05,6628
2022-05-06,5957
2022-05-07,7398
2022-05-08,7634
2022-05-09,6101
2022-05-10,7555
2022-05-11,9831
2022-05-12,8508
2022-05-13,6454
2022-05-14,5689
2022-05-15,6601
2022-05-16,6997
2022-05-17,6296
2022-05-18,7767
2022-05-19,6991
2022-05-20,5691
2022-05-21,4855
2022-05-22,4183
2022-05-23,4233
2022-05-24,4493
2022-05-25,4717
2022-05-26,4134
2022-05-27,3780
2022-05-28,3328
2022-05-29,4025
2022-05-30,4681
2022-05-31,3149
2022-06-01,4308
2022-06-02,3848
2022-06-03,3300
2022-06-04,2470
2022-06-05,2435
2022-06-06,2606
2022-06-07,2011
2022-06-08,1563
2022-06-09,1737
2022-06-10,1382
2022-06-11,1286
2022-06-12,1322
2022-06-13,1946
2022-06-14,1576
2022-06-15,1334
2022-06-16,2199
2022-06-17,621
2022-06-18,748
2022-06-19,1308
2022-06-20,859
2022-06-21,1422
2022-06-22,981
2022-06-23,1128
2022-06-24,1210
2022-06-25,784
2022-06-26,636
2022-06-27,776
2022-06-28,1106
2022-06-29,981
2022-06-30,541
2022-07-01,606
2022-07-02,423
2022-07-03,563
2022-07-04,506
2022-07-05,422
2022-07-06,593
2022-07-07,694
2022-07-08,525
2022-07-09,528
2022-07-10,467
2022-07-11,447
2022-07-12,655
2022-07-13,666
2022-07-14,743
2022-07-15,599
2022-07-16,611
2022-07-17,698
2022-07-18,405
2022-07-19,434
2022-07-20,675
2022-07-21,426
2022-07-22,425
2022-07-23,535
2022-07-24,389
2022-07-25,600
2022-07-26,560
2022-07-27,766
2022-07-28,413
2022-07-29,617
2022-07-30,233
2022-07-31,435
2022-08-01,664
2022-08-02,632
2022-08-03,598
2022-08-04,492
2022-08-05,426
2022-08-06,355
2022-08-07,600
2022-08-08,346
2022-08-09,516
2022-08-10,289
2022-08-11,851
2022-08-12,358
2022-08-13,394
2022-08-14,380
2022-08-15,633
2022-08-16,583
2022-08-17,449
2022-08-18,541
2022-08-19,583
2022-08-20,410
2022-08-21,500
2022-08-22,826
2022-08-23,1126
2022-08-24,1134
2022-08-25,1004
2022-08-26,1256
2022-08-27,1036
2022-08-28,1127
2022-08-29,1040
2022-08-30,1161
2022-08-31,1475
2022-09-01,1235
2022-09-02,1562
2022-09-03,1387
2022-09-04,2013
2022-09-05,3578
2022-09-06,2627
2022-09-07,4214
2022-09-08,4350
2022-09-09,3391
2022-09-10,3652
2022-09-11,3897
2022-09-12,4039
2022-09-13,5291
2022-09-14,5535
2022-09-15,5622
2022-09-16,4840
2022-09-17,4771
2022-09-18,5276
2022-09-19,5226
2022-09-20,5145
2022-09-21,4978
2022-09-22,6862
2022-09-23,4592
2022-09-24,5365
2022-09-25,4394
2022-09-26,5118
2022-09-27,5136
2022-09-28,5200
2022-09-29,4824
2022-09-30,3557
2022-10-01,3210
2022-10-02,4500
2022-10-03,5239
2022-10-04,5071
2022-10-05,5113
2022-10-06,4894
2022-10-07,4370
2022-10-08,3604
2022-10-09,4264
2022-10-10,5573
2022-10-11,5923
2022-10-12,5511
2022-10-13,4732
2022-10-14,5253
2022-10-15,4095
2022-10-16,4339
2022-10-17,5459
2022-10-18,5857
2022-10-19,6051
2022-10-20,5354
2022-10-21,6459
2022-10-22,7048
2022-10-23,5755
2022-10-24,6699
2022-10-25,6374
2022-10-26,5845
2022-10-27,5925
2022-10-28,5489
2022-10-29,5655
2022-10-30,5915
2022-10-31,5838
2022-11-01,6311
2022-11-02,6765
2022-11-03,6105
2022-11-04,6438
2022-11-05,7037
2022-11-06,6891
2022-11-07,7332
2022-11-08,6205
2022-11-09,6398
2022-11-10,5224
2022-11-11,4958
2022-11-12,5363
2022-11-13,4990
2022-11-14,6191
2022-11-15,5784
2022-11-16,5898
2022-11-17,5401
2022-11-18,4923
2022-11-19,4667
2022-11-20,3804
2022-11-21,5241
2022-11-22,4440
2022-11-23,4320
2022-11-24,3213
2022-11-25,2150
2022-11-26,3522
2022-11-27,4259
2022-11-28,3658
2022-11-29,2977
2022-11-30,3478
2022-12-01,3383
2022-12-02,3011
2022-12-03,2627
2022-12-04,3096
2022-12-05,5580
2022-12-06,5104
2022-12-07,3618
2022-12-08,5097
2022-12-09,3231
2022-12-10,4273
2022-12-11,4827
2022-12-12,9106
2022-12-13,5990
2022-12-14,6197
2022-12-15,5208
2022-12-16,4764
2022-12-17,4520
2022-12-18,4010
2022-12-19,3524
2022-12-20,2901
2022-12-21,3189
2022-12-22,2418
2022-12-23,4254
2022-12-24,2480
2022-12-25,2393
2022-12-26,2255
2022-12-27,1867
2022-12-28,1551
2022-12-29,1437
2022-12-30,1536
2022-12-31,1117
2023-01-01,1360
2023-01-02,1173
2023-01-03,910
2023-01-04,1785
2023-01-05,962
2023-01-06,1336
2023-01-07,1032
2023-01-08,1027
2023-01-09,1184
2023-01-10,1187
2023-01-11,640
2023-01-12,1372
2023-01-13,1466
2023-01-14,1180
2023-01-15,1467
2023-01-16,844
2023-01-17,1398
2023-01-18,1054
2023-01-19,1601
2023-01-20,1292
2023-01-21,1690
2023-01-22,1696
2023-01-23,1721
2023-01-24,2127
2023-01-25,2537
2023-01-26,2210
2023-01-27,2034
2023-01-28,2168
2023-01-29,1881
2023-01-30,2600
2023-01-31,4393
2023-02-01,2444
2023-02-02,3266
2023-02-03,4288
2023-02-04,2954
2023-02-05,2528
2023-02-06,3062
2023-02-07,3899
2023-02-08,4508
2023-02-09,3356
2023-02-10,3428
2023-02-11,2404
2023-02-12,2907
2023-02-13,2716
2023-02-14,5027
2023-02-15,3325
2023-02-16,4070
2023-02-17,3591
2023-02-18,3306
2023-02-19,2671
2023-02-20,2986
2023-02-21,3590
2023-02-22,4754
2023-02-23,3695
2023-02-24,3164
2023-02-25,3159
2023-02-26,3227
2023-02-27,4623
2023-02-28,5431
2023-03-01,5652
2023-03-02,6245
2023-03-03,5201
2023-03-04,5075
2023-03-05,5428
2023-03-06,6880
2023-03-07,6507
2023-03-08,6365
2023-03-09,7375
2023-03-10,5309
2023-03-11,6353
2023-03-12,6419
2023-03-13,6122
2023-03-14,6267
2023-03-15,6845
2023-03-16,5194
2023-03-17,4249
2023-03-18,4203
2023-03-19,5123
2023-03-20,4964
2023-03-21,6502
2023-03-22,5605
2023-03-23,6596
2023-03-24,6142
2023-03-25,3350
2023-03-26,2777
2023-03-27,3419
2023-03-28,3325
2023-03-29,3370
2023-03-30,5121
2023-03-31,3451
2023-04-01,3846
2023-04-02,4091
2023-04-03,4357
2023-04-04,5451
2023-04-05,4721
2023-04-06,9965
2023-04-07,7286
2023-04-08,4465
2023-04-09,5504
2023-04-10,5883
2023-04-11,10785
2023-04-12,7348
2023-04-13,7748
2023-04-14,9654
2023-04-15,5656
2023-04-16,6900
2023-04-17,7228
2023-04-18,8110
2023-04-19,7548
2023-04-20,13440
2023-04-21,5913
2023-04-22,6214
2023-04-23,6919
2023-04-24,17994
2023-04-25,9620
2023-04-26,11844
2023-04-27,11931
2023-04-28,7625
2023-04-29,14431
2023-04-30,18572
2023-05-01,10597
2023-05-02,8123
2023-05-03,9034
2023-05-04,10556
2023-05-05,8536
2023-05-06,7251
2023-05-07,8123
2023-05-08,9699
2023-05-09,10372
2023-05-10,9704
2023-05-11,9828
2023-05-12,10159
2023-05-13,13713
2023-05-14,9462
2023-05-15,10468
2023-05-16,14967
2023-05-17,10207
2023-05-18,8249
2023-05-19,8837
2023-05-20,6892
2023-05-21,5298
2023-05-22,4819
2023-05-23,5003
2023-05-24,5855
2023-05-25,4894
2023-05-26,4234
2023-05-27,3538
2023-05-28,4563
2023-05-29,3570
2023-05-30,2832
2023-05-31,2942
2023-06-01,3825
2023-06-02,2885
2023-06-03,2372
2023-06-04,2754
2023-06-05,2829
2023-06-06,1837
2023-06-07,2943
2023-06-08,2394
2023-06-09,2195
2023-06-10,1707
2023-06-11,2256
2023-06-12,2218
2023-06-13,1828
2023-06-14,1794
2023-06-15,3493
2023-06-16,2018
2023-06-17,1657
2023-06-18,1724
2023-06-19,2179
2023-06-20,2744
2023-06-21,2268
2023-06-22,2451
2023-06-23,1843
2023-06-24,1417
2023-06-25,2042
2023-06-26,1863
2023-06-27,2196
2023-06-28,2683
2023-06-29,2873
2023-06-30,2025
2023-07-01,2054
2023-07-02,1871
2023-07-03,2083
2023-07-04,2291
2023-07-05,1874
2023-07-06,1650
2023-07-07,1245
2023-07-08,1443
2023-07-09,2429
2023-07-10,2387
2023-07-11,1611
2023-07-12,1783
2023-07-13,1814
2023-07-14,1388
2023-07-15,1808
2023-07-16,1495
2023-07-17,1783
2023-07-18,2076
2023-07-19,1235
2023-07-20,1634
2023-07-21,1967
2023-07-22,1509
2023-07-23,1608
2023-07-24,1135
2023-07-25,2501
2023-07-26,2004
2023-07-27,1814
2023-07-28,1444
2023-07-29,1208
2023-07-30,1001
2023-07-31,1419
2023-08-01,1001
2023-08-02,2159
2023-08-03,1728
2023-08-04,1213
2023-08-05,1324
2023-08-06,1427
2023-08-07,1640
2023-08-08,892
2023-08-09,1234
2023-08-10,1461
2023-08-11,1705
2023-08-12,845
2023-08-13,1399
2023-08-14,1233
2023-08-15,1111
2023-08-16,1806
2023-08-17,1278
2023-08-18,2083
2023-08-19,1387
2023-08-20,1121
2023-08-21,1107
2023-08-22,1999
2023-08-23,2479
2023-08-24,3383
2023-08-25,3073
2023-08-26,2684
2023-08-27,1829
2023-08-28,2074
2023-08-29,2879
2023-08-30,2783
2023-08-31,3512
2023-09-01,6721
2023-09-02,6759
2023-09-03,7476
2023-09-04,10041
2023-09-05,12363
2023-09-06,16677
2023-09-07,12443
2023-09-08,13896
2023-09-09,13492
2023-09-10,18453
2023-09-11,15593
2023-09-12,11224
2023-09-13,18928
2023-09-14,10749
2023-09-15,14092
2023-09-16,10534
2023-09-17,11201
2023-09-18,16282
2023-09-19,15496
2023-09-20,16515
2023-09-21,12671
2023-09-22,25308
2023-09-23,22543
2023-09-24,13239
2023-09-25,16816
2023-09-26,16576
2023-09-27,15978
2023-09-28,17143
2023-09-29,16132
2023-09-30,13318
2023-10-01,16032
2023-10-02,16313
2023-10-03,16367
2023-10-04,18404
2023-10-05,17947
2023-10-06,14404
2023-10-07,12739
2023-10-08,13098
2023-10-09,15933
2023-10-10,16069
2023-10-11,18569
2023-10-12,15882
2023-10-13,17779
2023-10-14,17538
2023-10-15,16761
2023-10-16,16768
2023-10-17,13785
2023-10-18,16734
2023-10-19,15591
2023-10-20,14802
2023-10-21,10722
2023-10-22,16519
2023-10-23,14241
2023-10-24,18253
2023-10-25,17861
2023-10-26,21458
2023-10-27,14287
2023-10-28,12063
2023-10-29,17939
2023-10-30,16612
2023-10-31,14191
2023-11-01,14676
2023-11-02,15579
2023-11-03,12516
2023-11-04,10227
2023-11-05,16918
2023-11-06,12777
2023-11-07,15186
2023-11-08,23247
2023-11-09,15643
2023-11-10,14229
2023-11-11,12048
2023-11-12,11488
2023-11-13,14563
2023-11-14,13285
2023-11-15,17453
2023-11-16,16380
2023-11-17,13112
2023-11-18,11301
2023-11-19,11537
2023-11-20,9613
2023-11-21,11497
2023-11-22,7461
2023-11-23,9642
2023-11-24,5617
2023-11-25,5781
2023-11-26,11347
2023-11-27,14797
2023-11-28,17760
2023-11-29,12743
2023-11-30,11673
2023-12-01,9845
2023-12-02,11150
2023-12-03,12760
2023-12-04,12012
2023-12-05,12859
2023-12-06,13901
2023-12-07,12622
2023-12-08,12104
2023-12-09,10816
2023-12-10,11229
2023-12-11,21018
2023-12-12,16519
2023-12-13,20968
2023-12-14,17509
2023-12-15,12002
2023-12-16,15563
2023-12-17,14387
2023-12-18,17462
2023-12-19,16038
2023-12-20,14376
2023-12-21,10567
2023-12-22,9182
2023-12-23,7093
2023-12-24,8046
2023-12-25,9830
2023-12-26,6866
2023-12-27,5653
2023-12-28,5945
2023-12-29,6426
2023-12-30,5468
2023-12-31,5223
2024-01-01,5298
2024-01-02,6209
2024-01-03,4546
2024-01-04,4421
2024-01-05,4828
2024-01-06,4210
2024-01-07,6979
2024-01-08,3601
2024-01-09,4261
2024-01-10,4624
2024-01-11,5264
2024-01-12,6749
2024-01-13,5540
2024-01-14,5254
2024-01-15,3954
2024-01-16,4903
2024-01-17,4821
2024-01-18,3547
2024-01-19,4901
2024-01-20,6842
2024-01-21,3815
2024-01-22,5286
2024-01-23,6234
2024-01-24,9741
2024-01-25,9652
2024-01-26,8402
2024-01-27,7584
2024-01-28,6410
2024-01-29,7937
2024-01-30,7953
2024-01-31,6247
2024-02-01,8095
2024-02-02,9400
2024-02-03,9670
2024-02-04,8950
2024-02-05,10029
2024-02-06,8256
2024-02-07,8543
2024-02-08,9882
2024-02-09,13795
2024-02-10,7752
2024-02-11,10364
2024-02-12,11845
2024-02-13,14296
2024-02-14,11260
2024-02-15,8006
2024-02-16,11601
2024-02-17,8858
2024-02-18,10304
2024-02-19,7939
2024-02-20,8081
2024-02-21,10950
2024-02-22,11113
2024-02-23,7165
2024-02-24,6918
2024-02-25,7405
2024-02-26,11360
2024-02-27,11943
2024-02-28,9950
2024-02-29,8230
2024-03-01,10045
2024-03-02,6314
2024-03-03,8397
2024-03-04,8381
2024-03-05,10683
2024-03-06,8685
2024-03-07,7487
2024-03-08,6933
2024-03-09,5409
2024-03-10,7856
2024-03-11,7453
2024-03-12,7499
2024-03-13,6446
2024-03-14,10736
2024-03-15,5676
2024-03-16,12322
2024-03-17,12468
2024-03-18,7907
2024-03-19,11465
2024-03-20,8023
2024-03-21,11403
2024-03-22,6193
2024-03-23,4601
2024-03-24,4265
2024-03-25,4354
2024-03-26,3934
2024-03-27,3614
2024-03-28,5845
2024-03-29,4785
2024-03-30,6011
2024-03-31,8384
2024-04-01,6036
2024-04-02,7995
2024-04-03,8426
2024-04-04,8215
2024-04-05,54414
2024-04-06,12870
2024-04-07,9166
2024-04-08,16770
2024-04-09,17283
2024-04-10,12349
2024-04-11,11794
2024-04-12,11303
2024-04-13,7370
2024-04-14,14251
2024-04-15,13976
2024-04-16,12079
2024-04-17,10490
2024-04-18,9097
2024-04-19,11946
2024-04-20,13902
2024-04-21,32327
2024-04-22,11909
2024-04-23,17251
2024-04-24,24725
2024-04-25,15678
2024-04-26,13897
2024-04-27,12508
2024-04-28,7644
2024-04-29,15269
2024-04-30,20805
2024-05-01,19645
2024-05-02,11234
2024-05-03,8197
2024-05-04,10580
2024-05-05,9108
2024-05-06,10498
2024-05-07,10602
2024-05-08,24179
2024-05-09,24286
2024-05-10,15425
2024-05-11,16841
2024-05-12,16621
2024-05-13,16586
2024-05-14,13221
2024-05-15,14663
2024-05-16,13859
2024-05-17,10767
2024-05-18,9649
2024-05-19,8266
2024-05-20,6528
2024-05-21,5449
2024-05-22,3660
2024-05-23,7391
2024-05-24,5838
2024-05-25,5537
2024-05-26,11328
2024-05-27,5175
2024-05-28,4105
2024-05-29,5361
2024-05-30,4351
2024-05-31,3333
2024-06-01,5585
2024-06-02,2916
2024-06-03,3492
2024-06-04,2873
2024-06-05,4841
2024-06-06,3068
2024-06-07,2373
2024-06-08,3512
2024-06-09,1793
2024-06-10,3010
2024-06-11,1924
2024-06-12,2634
2024-06-13,3974
2024-06-14,2695
2024-06-15,2314
2024-06-16,2276
2024-06-17,2033
2024-06-18,2059
2024-06-19,2026
2024-06-20,3732
2024-06-21,2395
2024-06-22,3346
2024-06-23,2615
2024-06-24,2810
2024-06-25,1913
2024-06-26,2785
2024-06-27,6480
2024-06-28,2565
2024-06-29,2762
2024-06-30,2430
2024-07-01,3784
2024-07-02,3030
2024-07-03,2069
2024-07-04,2243
2024-07-05,1282
2024-07-06,1984
2024-07-07,2124
2024-07-08,1494
2024-07-09,1302
2024-07-10,1927
2024-07-11,1232
2024-07-12,2200
2024-07-13,5538
2024-07-14,1623
2024-07-15,2426
2024-07-16,2094
2024-07-17,2356
2024-07-18,1991
2024-07-19,2301
2024-07-20,1797
2024-07-21,5039
2024-07-22,3670
2024-07-23,3362
2024-07-24,2622
2024-07-25,1987
2024-07-26,2065
2024-07-27,1531
2024-07-28,1916
2024-07-29,1526
2024-07-30,2053
2024-07-31,2231
2024-08-01,1636
2024-08-02,1598
2024-08-03,1611
2024-08-04,803
2024-08-05,2150
2024-08-06,2531
2024-08-07,1719
2024-08-08,1826
2024-08-09,2495
2024-08-10,1627
2024-08-11,2240
2024-08-12,1140
2024-08-13,2144
2024-08-14,2630
2024-08-15,2564
2024-08-16,1867
2024-08-17,1686
2024-08-18,2423
2024-08-19,1935
2024-08-20,2645
2024-08-21,2261
2024-08-22,3501
2024-08-23,3489
2024-08-24,2219
2024-08-25,2489
2024-08-26,3952
2024-08-27,6616
2024-08-28,8839
2024-08-29,7555
2024-08-30,5863
2024-08-31,6185
2024-09-01,6129
2024-09-02,6150
2024-09-03,7346
2024-09-04,10752
2024-09-05,11087
2024-09-06,8348
2024-09-07,7581
2024-09-08,10904
2024-09-09,11451
2024-09-10,23194
2024-09-11,12385
2024-09-12,10021
2024-09-13,8422
2024-09-14,9084
2024-09-15,10518
2024-09-16,20020
2024-09-17,8851
2024-09-18,11411
2024-09-19,7777
2024-09-20,8986
2024-09-21,9536
2024-09-22,13063
2024-09-23,11908
2024-09-24,16359
2024-09-25,14607
2024-09-26,10943
2024-09-27,10949
2024-09-28,44904
2024-09-29,12326
2024-09-30,12288
2024-10-01,17934
2024-10-02,11668
2024-10-03,14435
2024-10-04,13326
2024-10-05,10314
2024-10-06,12613
2024-10-07,13334
2024-10-08,13611
2024-10-09,25692
2024-10-10,21190
2024-10-11,12110
2024-10-12,9494
2024-10-13,11389
2024-10-14,11786
2024-10-15,19456
2024-10-16,17719
2024-10-17,12911
2024-10-18,10108
2024-10-19,8983
2024-10-20,12021
2024-10-21,12276
2024-10-22,15056
2024-10-23,12780
2024-10-24,14478
2024-10-25,10762
2024-10-26,15573
2024-10-27,10466
2024-10-28,8809
2024-10-29,13325
2024-10-30,16678
2024-10-31,13121
2024-11-01,14164
2024-11-02,11208
2024-11-03,13457
2024-11-04,16005
2024-11-05,27746
2024-11-06,37138
2024-11-07,15938
2024-11-08,9609
2024-11-09,11096
2024-11-10,12279
2024-11-11,28264
2024-11-12,16423
2024-11-13,13429
2024-11-14,13395
2024-11-15,10130
2024-11-16,7778
2024-11-17,9353
2024-11-18,11346
2024-11-19,11969
2024-11-20,10297
2024-11-21,13153
2024-11-22,11452
2024-11-23,10394
2024-11-24,10991
2024-11-25,10423
2024-11-26,10457
2024-11-27,7953
2024-11-28,9691
2024-11-29,8046
2024-11-30,9621
2024-12-01,10982
2024-12-02,11290
2024-12-03,13884
2024-12-04,16802
2024-12-05,14478
2024-12-06,8744
2024-12-07,10019
2024-12-08,11204
2024-12-09,15245
2024-12-10,17298
2024-12-11,21147
2024-12-12,21723
2024-12-13,21144
2024-12-14,16526
2024-12-15,17406
2024-12-16,17530
2024-12-17,21758
2024-12-18,18197
2024-12-19,17101
2024-12-20,19186
2024-12-21,9929
2024-12-22,10289
2024-12-23,9266
2024-12-24,8478
2024-12-25,5282
2024-12-26,7617
2024-12-27,6272
2024-12-28,5337
2024-12-29,5656
2024-12-30,4752
2024-12-31,4343
2025-01-01,7454
2025-01-02,3349
2025-01-03,4976
2025-01-04,4492
2025-01-05,4124
2025-01-06,4106
2025-01-07,4802
2025-01-08,6091
2025-01-09,4192
2025-01-10,4271
2025-01-11,4146
2025-01-12,3536
2025-01-13,3647
2025-01-14,3136
2025-01-15,4231
2025-01-16,4542
2025-01-17,4043
2025-01-18,5192
2025-01-19,5772
2025-01-20,8265
2025-01-21,9696
2025-01-22,8026
2025-01-23,8337
2025-01-24,8029
2025-01-25,9495
2025-01-26,8012
2025-01-27,11635
2025-01-28,14779
2025-01-29,9840
2025-01-30,16298
2025-01-31,13046
2025-02-01,8562
2025-02-02,11973
2025-02-03,28474
2025-02-04,12145
2025-02-05,11683
2025-02-06,11585
2025-02-07,11310
2025-02-08,9499
2025-02-09,22302
2025-02-10,15079
2025-02-11,13977
2025-02-12,10721
2025-02-13,12235
2025-02-14,11958
2025-02-15,8287
2025-02-16,7024
2025-02-17,9144
2025-02-18,12227
2025-02-19,15452
2025-02-20,12199
2025-02-21,9794
2025-02-22,8079
2025-02-23,9951
2025-02-24,10954
2025-02-25,13791
2025-02-26,16932
2025-02-27,11775
2025-02-28,14236
2025-03-01,8928
2025-03-02,10907
2025-03-03,12099
2025-03-04,12542
2025-03-05,14097
2025-03-06,10121
2025-03-07,12944
2025-03-08,11944
2025-03-09,9535
2025-03-10,12488
2025-03-11,17013
2025-03-12,12394
2025-03-13,15113
2025-03-14,12195
2025-03-15,9532
2025-03-16,12064
2025-03-17,16319
2025-03-18,21820
2025-03-19,17380
2025-03-20,10807
2025-03-21,8975
2025-03-22,5419
2025-03-23,6381
2025-03-24,5274
2025-03-25,3951
2025-03-26,3935
2025-03-27,7136
2025-03-28,6908
2025-03-29,6487
2025-03-30,7889
2025-03-31,10449
2025-04-01,10962
2025-04-02,17146
2025-04-03,27607
2025-04-04,13232
2025-04-05,8604
2025-04-06,10031
2025-04-07,11744
2025-04-08,14250
2025-04-09,12831
2025-04-10,12809
2025-04-11,28243
2025-04-12,8087
2025-04-13,9978
2025-04-14,11596
2025-04-15,17379
2025-04-16,12383
2025-04-17,13542
2025-04-18,10878
2025-04-19,7139
2025-04-20,10254
2025-04-21,14765
2025-04-22,12368
2025-04-23,18643
2025-04-24,11561
2025-04-25,9965
2025-04-26,23801
2025-04-27,13443
2025-04-28,11275
2025-04-29,12214
2025-04-30,11896
2025-05-01,13074
2025-05-02,11950
2025-05-03,11539
2025-05-04,10579
2025-05-05,14936
2025-05-06,11808
2025-05-07,14365
2025-05-08,19267
2025-05-09,14359
2025-05-10,17272
2025-05-11,13189
2025-05-12,17694
2025-05-13,15577
2025-05-14,20474
2025-05-15,11487
2025-05-16,13972
2025-05-17,7209
2025-05-18,6478
2025-05-19,7169
2025-05-20,6180
2025-05-21,7145
2025-05-22,9171
2025-05-23,5421
2025-05-24,7163
2025-05-25,10360
2025-05-26,6030
2025-05-27,7973
2025-05-28,4075
2025-05-29,3996
2025-05-30,5523
2025-05-31,2484
2025-06-01,3770
2025-06-02,2994
2025-06-03,4026
2025-06-04,3439
2025-06-05,3766
2025-06-06,2923
2025-06-07,1571
2025-06-08,1395
2025-06-09,2306
2025-06-10,2776
2025-06-11,1769
2025-06-12,3045
2025-06-13,3917
2025-06-14,1856
2025-06-15,2150
2025-06-16,2001
2025-06-17,3103
2025-06-18,2335
2025-06-19,2206
2025-06-20,2493
2025-06-21,2423
2025-06-22,2683
2025-06-23,3010
2025-06-24,3232
2025-06-25,2935
2025-06-26,4775
2025-06-27,3473
2025-06-28,1435
2025-06-29,2220
2025-06-30,3754
2025-07-01,3042
2025-07-02,1735
2025-07-03,1581
2025-07-04,1838
2025-07-05,1779
2025-07-06,2512
2025-07-07,2129
2025-07-08,2003
2025-07-09,2174
2025-07-10,2202
2025-07-11,2128
2025-07-12,2449
2025-07-13,1337
2025-07-14,2460
2025-07-15,1903
2025-07-16,2308
2025-07-17,1714
2025-07-18,1378
2025-07-19,3033
2025-07-20,1876
2025-07-21,1863
2025-07-22,1509
2025-07-23,2639
2025-07-24,2009
2025-07-25,1184
2025-07-26,1336
2025-07-27,2187
2025-07-28,2535
2025-07-29,2815
2025-07-30,3034
2025-07-31,5971
2025-08-01,2730
2025-08-02,1971
2025-08-03,1290
2025-08-04,2540
2025-08-05,2005
2025-08-06,2100
2025-08-07,1680
2025-08-08,2005
2025-08-09,1218
2025-08-10,1975
2025-08-11,2026
2025-08-12,1393
2025-08-13,2849
2025-08-14,1501
2025-08-15,2078
2025-08-16,2350
2025-08-17,1102
2025-08-18,1666
2025-08-19,2086
2025-08-20,2515
2025-08-21,1936
2025-08-22,1652
2025-08-23,1690
2025-08-24,3578
2025-08-25,4036
2025-08-26,4444
2025-08-27,4874
2025-08-28,4905
2025-08-29,5831
2025-08-30,6804
2025-08-31,8170
2025-09-01,11562
2025-09-02,9340
2025-09-03,13918
2025-09-04,17451
2025-09-05,13542
2025-09-06,8400
2025-09-07,11593
2025-09-08,11702
2025-09-09,11385
2025-09-10,17978
2025-09-11,12581
2025-09-12,16996
2025-09-13,11076
2025-09-14,15951
2025-09-15,16552
2025-09-16,13127
2025-09-17,13714
2025-09-18,12634
2025-09-19,12349
2025-09-20,10338
2025-09-21,10976
2025-09-22,14118
2025-09-23,13312
2025-09-24,15127
2025-09-25,21038
2025-09-26,15326
2025-09-27,36695
2025-09-28,23672
2025-09-29,15833
2025-09-30,16588
2025-10-01,19187
2025-10-02,15356
2025-10-03,16510
2025-10-04,11166
2025-10-05,12647
2025-10-06,16626
2025-10-07,18048
2025-10-08,19602
2025-10-09,13915
2025-10-10,10466
2025-10-11,11417
2025-10-12,15122
2025-10-13,7838
2025-10-14,9488
2025-10-15,17738
2025-10-16,18331
2025-10-17,23926
2025-10-18,22611
2025-10-19,12769
2025-10-20,23856
2025-10-21,19422
2025-10-22,22722
2025-10-23,14369
2025-10-24,13115
2025-10-25,10771
2025-10-26,14542
2025-10-27,17184
2025-10-28,15217
2025-10-29,15126
2025-10-30,20771
2025-10-31,17843
2025-11-01,16907
2025-11-02,17905
2025-11-03,19987
2025-11-04,19023
2025-11-05,15554
2025-11-06,14569
2025-11-07,13025
2025-11-08,12823
2025-11-09,17379
2025-11-10,15744
2025-11-11,24205
2025-11-12,17232
2025-11-13,17791
2025-11-14,14119
2025-11-15,10168
2025-11-16,13345
2025-11-17,17163
2025-11-18,16544
2025-11-19,21905
2025-11-20,15999
2025-11-21,13828
2025-11-22,13560
2025-11-23,11568
2025-11-24,17421
2025-11-25,10156
2025-11-26,8522
2025-11-27,8612
2025-11-28,6563
2025-11-29,10802
2025-11-30,18528
2025-12-01,13871
2025-12-02,15782
2025-12-03,20949
2025-12-04,20523
2025-12-05,11445
2025-12-06,13431
2025-12-07,15169
2025-12-08,14493
2025-12-09,18210
2025-12-10,17874
2025-12-11,17011
2025-12-12,21169
2025-12-13,273027
2025-12-14,293356
2025-12-15,183002
2025-12-16,145460
2025-12-17,103235
2025-12-18,274245
2025-12-19,121281
2025-12-20,50448
2025-12-21,34291
2025-12-22,26517
2025-12-23,18291
2025-12-24,16883
2025-12-25,15653
2025-12-26,14766
2025-12-27,12671
2025-12-28,8226
2025-12-29,7344
2025-12-30,13605
2025-12-31,11612
2026-01-01,10422
2026-01-02,7073
2026-01-03,9072
2026-01-04,8003
2026-01-05,9365
2026-01-06,23992
2026-01-07,10492
2026-01-08,7940
2026-01-09,7129
2026-01-10,7748
2026-01-11,8798
2026-01-12,8369
2026-01-13,9529
2026-01-14,9058
2026-01-15,8980
2026-01-16,7715
2026-01-17,7576
2026-01-18,13913
2026-01-19,10179
2026-01-20,10801
2026-01-21,16399
2026-01-22,14368
2026-01-23,15976
2026-01-24,17366
2026-01-25,31269
2026-01-26,25681
2026-01-27,22837
2026-01-28,16954
2026-01-29,22089
2026-01-30,26087
2026-01-31,12331
2026-02-01,17021
2026-02-02,23722
2026-02-03,19298
2026-02-04,19396
2026-02-05,18279
2026-02-06,15598
2026-02-07,22335
2026-02-08,33674
2026-02-09,20882
2026-02-10,19093
2026-02-11,25334
2026-02-12,20803
2026-02-13,17234
2026-02-14,13806
2026-02-15,12031
2026-02-16,15881
2026-02-17,37562
2026-02-18,29270
2026-02-19,24741
2026-02-20,17307
2026-02-21,23085
2026-02-22,29410
2026-02-23,70469
2026-02-24,47145
2026-02-25,36057
2026-02-26,29702
2026-02-27,26604
2026-02-28,18551
2026-03-01,25297
2026-03-02,22137
2026-03-03,23936
2026-03-04,24768
2026-03-05,25083
2026-03-06,18958
2026-03-07,14601
2026-03-08,22375
2026-03-09,27247
2026-03-10,28262
2026-03-11,23755
2026-03-12,20045
2026-03-13,20632
2026-03-14,23430
2026-03-15,20791
2026-03-16,19977
2026-03-17,22373
2026-03-18,23513
2026-03-19,23226
2026-03-20,18811
2026-03-21,15912
2026-03-22,10898
2026-03-23,8395
2026-03-24,9796
2026-03-25,9770
2026-03-26,12163
2026-03-27,22903
2026-03-28,20498
2026-03-29,26875
2026-03-30,30588
2026-03-31,27403
2026-04-01,23584
2026-04-02,17993
2026-04-03,79972
2026-04-04,19142
2026-04-05,20042
2026-04-06,26913
2026-04-07,28663
2026-04-08,36899
2026-04-09,24779
2026-04-10,21273
2026-04-11,16656
2026-04-12,16334
2026-04-13,23471
2026-04-14,25403
2026-04-15,20626
2026-04-16,24404
2026-04-17,24601
2026-04-18,11160
2026-04-19,18460
2026-04-20,26605
2026-04-21,17115
2026-04-22,18107
2026-04-23,21539
2026-04-24,16342
2026-04-25,36595
2026-04-26,20301
2026-04-27,19828
2026-04-28,18689
2026-04-29,19164
2026-04-30,18360
2026-05-01,17082
2026-05-02,12135
2026-05-03,18677
2026-05-04,15062
2026-05-05,47346
2026-05-06,25175
2026-05-07,48395
2026-05-08,30271
2026-05-09,17033
2026-05-10,15210
2026-05-11,19947
2026-05-12,19560
2026-05-13,17168
2026-05-14,14401
2026-05-15,13904
2026-05-16,12676
2026-05-17,9276
2026-05-18,7403
2026-05-19,8492
2026-05-20,9165
2026-05-21,6408
2026-05-22,9813
2026-05-23,10433
2026-05-24,16484
2026-05-25,8788
2026-05-26,5905
2026-05-27,8503
2026-05-28,4955
2026-05-29,6318
2026-05-30,3605
2026-05-31,4252
2026-06-01,4699
2026-06-02,3572
2026-06-03,4584
2026-06-04,3704
2026-06-05,3357
2026-06-06,5668
2026-06-07,4532
2026-06-08,3068
2026-06-09,2427
2026-06-10,2093
2026-06-11,2757
2026-06-12,1044
2026-06-13,1709
2026-06-14,1887
2026-06-15,2909
2026-06-16,2100
2026-06-17,2619
2026-06-18,2542
2026-06-19,2171
2026-06-20,2160
2026-06-21,2016
2026-06-22,4399
2026-06-23,3065
2026-06-24,1469
2026-06-25,2358
2026-06-26,1963
2026-06-27,1302
2026-06-28,856
2026-06-29,2059
2026-06-30,1992
2026-07-01,2135
2026-07-02,2251
2026-07-03,2279
2026-07-04,1984
2026-07-05,1804
2026-07-06,2301
2026-07-07,2571
2026-07-08,2633
2026-07-09,3615
2026-07-10,3741
2026-07-11,2406
2026-07-12,1426
2026-07-13,2042
2026-07-14,1928
2026-07-15,1646
2026-07-16,1354
2026-07-17,1125
2026-07-18,923
2026-07-19,993
2026-07-20,2530
2026-07-21,2335
2026-07-22,2028
2026-07-23,3296
2026-07-24,1769
2026-07-25,1589
2026-07-26,1463
2026-07-27,1820
2026-07-28,2451
2026-07-29,1998
2026-07-30,1369
2026-07-31,1685
2026-08-01,3226
2026-08-02,2339
2026-08-03,14232
2026-08-04,2583
2026-08-05,2526
2026-08-06,1971
2026-08-07,3129
2026-08-08,1110
2026-08-09,1093
2026-08-10,2817
2026-08-11,3373
2026-08-12,2415
2026-08-13,2242
2026-08-14,3258
2026-08-15,1589
2026-08-16,3721
2026-08-17,2283
2026-08-18,3810
2026-08-19,2913
2026-08-20,2966
2026-08-21,4027
2026-08-22,3779
2026-08-23,2491
2026-08-24,2934
2026-08-25,5433
2026-08-26,3030
2026-08-27,3118
2026-08-28,8754
2026-08-29,4044
2026-08-30,3962
2026-08-31,5211
